{"is_source_file": true, "format": "JavaScript (React JSX)", "description": "Main React component for the notes application, managing state, API interactions, and rendering UI components for note creation, editing, deletion, and list management.", "external_files": ["./App.css", "./api/client"], "external_methods": ["createNote", "deleteNote", "isBackendEnabled", "listNotes", "updateNote"], "published": ["App"], "classes": [], "methods": [{"name": "createNewNote", "description": "Creates a new note with optimistic UI update, attempts to persist it via API, and handles fallback or errors."}, {"name": "requestDeleteSelected", "description": "Opens the confirmation modal to delete the currently selected note."}, {"name": "confirmDeleteSelected", "description": "Performs the deletion of the selected note with optimistic update and error handling for API fail."}, {"name": "cancelDelete", "description": "Closes the delete confirmation modal without deleting."}, {"name": "updateDraftTitle", "description": "Updates the draft title state and schedules autosave."}, {"name": "updateDraftContent", "description": "Updates the draft content state and schedules autosave."}, {"name": "scheduleAutosave", "description": "Sets a debounce timer to autosave note changes to local or backend."}, {"name": "flushPendingAutosave", "description": "Forces immediate save of current draft changes to backend or local."}, {"name": "onSelectNote", "description": "Handles note selection, flushing autosaves if needed."}, {"name": "onNoteListKeyDown", "description": "Handles keyboard navigation within the notes list."}, {"name": "App()", "scope": "", "scopeKind": "", "description": "unavailable"}, {"name": "Button({ children, variant = \"primary\", size = \"md\", disabled = false, onClick, ariaLabel, type = \"button\", })", "scope": "NoteListItem", "scopeKind": "function", "description": "unavailable"}, {"name": "ConfirmModal({ isOpen, title, description, confirmText, cancelText, tone = \"danger\", onConfirm, onCancel, })", "scope": "NoteListItem", "scopeKind": "function", "description": "unavailable"}, {"name": "EmptyState({ title, description, actionLabel, onAction })", "scope": "NoteListItem", "scopeKind": "function", "description": "unavailable"}, {"name": "Header({ onNew, onDelete, canDelete, env, banner, isLoading })", "scope": "", "scopeKind": "", "description": "unavailable"}, {"name": "Input({ id, label, hideLabel = false, value, onChange, placeholder, autoComplete, })", "scope": "NoteListItem", "scopeKind": "function", "description": "unavailable"}, {"name": "NoteEditor({ noteId, createdAt, updatedAt, title, content, isDirty, onTitleChange, onContentChange, onDelete, })", "scope": "NoteListItem", "scopeKind": "function", "description": "unavailable"}, {"name": "NoteListItem({ note, isSelected, onSelect })", "scope": "", "scopeKind": "", "description": "unavailable"}, {"name": "TextArea({ id, label, value, onChange, placeholder, rows = 10 })", "scope": "NoteListItem", "scopeKind": "function", "description": "unavailable"}, {"name": "formatDate(ms)", "scope": "NoteListItem", "scopeKind": "function", "description": "unavailable"}, {"name": "formatDateTime(ms)", "scope": "NoteListItem", "scopeKind": "function", "description": "unavailable"}, {"name": "loadNotesWithSeed()", "scope": "NoteListItem", "scopeKind": "function", "description": "unavailable"}, {"name": "makeId()", "scope": "NoteListItem", "scopeKind": "function", "description": "unavailable"}, {"name": "normalizeTitle(title)", "scope": "NoteListItem", "scopeKind": "function", "description": "unavailable"}, {"name": "seedNotes()", "scope": "NoteListItem", "scopeKind": "function", "description": "unavailable"}], "calls": ["listNotes", "createNote", "deleteNote", "updateNote", "normalizeTitle", "loadNotesWithSeed", "setNotes", "setSelectedId", "withTransientBanner", "setBanner", "setIsLoading", "setIsConfirmOpen", "setDraftTitle", "setDraftContent", "window.setTimeout", "window.clearTimeout", "requestAnimationFrame"], "search-terms": ["React App component", "notes state management", "autosave debounce", "API client interaction", "note creation", "note deletion", "localStorage fallback", "note list filtering", "note editing", "keyboard navigation"], "state": 2, "file_id": 6, "knowledge_revision": 33, "git_revision": "f876be111b4f70410cd1d83f83c059bb380531ce", "revision_history": [{"24": "ead9f3a60cc9444038f06105af3e0c79406b251d"}, {"33": "f876be111b4f70410cd1d83f83c059bb380531ce"}], "ctags": [{"_type": "tag", "name": "0", "path": "/home/kavia/workspace/code-generation/simple-notes-app-304750-304841/notes_frontend/src/App.js", "pattern": "/^            tabIndex={0}$/", "language": "JavaScript", "kind": "field", "scope": "App.tabIndex", "scopeKind": "class"}, {"_type": "tag", "name": "14", "path": "/home/kavia/workspace/code-generation/simple-notes-app-304750-304841/notes_frontend/src/App.js", "pattern": "/^          rows={14}$/", "language": "JavaScript", "kind": "field", "scope": "NoteListItem.NoteEditor.rows", "scopeKind": "class"}, {"_type": "tag", "name": "AUTOSAVE_DEBOUNCE_MS", "path": "/home/kavia/workspace/code-generation/simple-notes-app-304750-304841/notes_frontend/src/App.js", "pattern": "/^const AUTOSAVE_DEBOUNCE_MS = 450;$/", "language": "JavaScript", "kind": "constant"}, {"_type": "tag", "name": "App", "path": "/home/kavia/workspace/code-generation/simple-notes-app-304750-304841/notes_frontend/src/App.js", "pattern": "/^function App() {$/", "language": "JavaScript", "kind": "function", "signature": "()"}, {"_type": "tag", "name": "Button", "path": "/home/kavia/workspace/code-generation/simple-notes-app-304750-304841/notes_frontend/src/App.js", "pattern": "/^function Button({$/", "language": "JavaScript", "kind": "function", "signature": "({ children, variant = \"primary\", size = \"md\", disabled = false, onClick, ariaLabel, type = \"button\", })", "scope": "NoteListItem", "scopeKind": "function"}, {"_type": "tag", "name": "ConfirmModal", "path": "/home/kavia/workspace/code-generation/simple-notes-app-304750-304841/notes_frontend/src/App.js", "pattern": "/^function ConfirmModal({$/", "language": "JavaScript", "kind": "function", "signature": "({ isOpen, title, description, confirmText, cancelText, tone = \"danger\", onConfirm, onCancel, })", "scope": "NoteListItem", "scopeKind": "function"}, {"_type": "tag", "name": "EmptyState", "path": "/home/kavia/workspace/code-generation/simple-notes-app-304750-304841/notes_frontend/src/App.js", "pattern": "/^function EmptyState({ title, description, actionLabel, onAction }) {$/", "language": "JavaScript", "kind": "function", "signature": "({ title, description, actionLabel, onAction })", "scope": "NoteListItem", "scopeKind": "function"}, {"_type": "tag", "name": "Header", "path": "/home/kavia/workspace/code-generation/simple-notes-app-304750-304841/notes_frontend/src/App.js", "pattern": "/^function Header({ onNew, onDelete, canDelete, env, banner, isLoading }) {$/", "language": "JavaScript", "kind": "function", "signature": "({ onNew, onDelete, canDelete, env, banner, isLoading })"}, {"_type": "tag", "name": "Input", "path": "/home/kavia/workspace/code-generation/simple-notes-app-304750-304841/notes_frontend/src/App.js", "pattern": "/^function Input({$/", "language": "JavaScript", "kind": "function", "signature": "({ id, label, hideLabel = false, value, onChange, placeholder, autoComplete, })", "scope": "NoteListItem", "scopeKind": "function"}, {"_type": "tag", "name": "NoteEditor", "path": "/home/kavia/workspace/code-generation/simple-notes-app-304750-304841/notes_frontend/src/App.js", "pattern": "/^function NoteEditor({$/", "language": "JavaScript", "kind": "function", "signature": "({ noteId, createdAt, updatedAt, title, content, isDirty, onTitleChange, onContentChange, onDelete, })", "scope": "NoteListItem", "scopeKind": "function"}, {"_type": "tag", "name": "NoteListItem ${isSelected ? \"isSelected\" : \"\"}", "path": "/home/kavia/workspace/code-generation/simple-notes-app-304750-304841/notes_frontend/src/App.js", "pattern": "/^      className={`NoteListItem ${isSelected ? \"isSelected\" : \"\"}`}$/", "language": "JavaScript", "kind": "field", "scope": "NoteListItem.className", "scopeKind": "class"}, {"_type": "tag", "name": "NoteListItem", "path": "/home/kavia/workspace/code-generation/simple-notes-app-304750-304841/notes_frontend/src/App.js", "pattern": "/^function NoteListItem({ note, isSelected, onSelect }) {$/", "language": "JavaScript", "kind": "function", "signature": "({ note, isSelected, onSelect })"}, {"_type": "tag", "name": "STORAGE_KEY", "path": "/home/kavia/workspace/code-generation/simple-notes-app-304750-304841/notes_frontend/src/App.js", "pattern": "/^const STORAGE_KEY = \"ocean_notes_v1\";$/", "language": "JavaScript", "kind": "constant"}, {"_type": "tag", "name": "TextArea", "path": "/home/kavia/workspace/code-generation/simple-notes-app-304750-304841/notes_frontend/src/App.js", "pattern": "/^function TextArea({ id, label, value, onChange, placeholder, rows = 10 }) {$/", "language": "JavaScript", "kind": "function", "signature": "({ id, label, value, onChange, placeholder, rows = 10 })", "scope": "NoteListItem", "scopeKind": "function"}, {"_type": "tag", "name": "ariaLabel", "path": "/home/kavia/workspace/code-generation/simple-notes-app-304750-304841/notes_frontend/src/App.js", "pattern": "/^      aria-label={ariaLabel}$/", "language": "JavaScript", "kind": "field", "scope": "NoteListItem.Button.aria", "scopeKind": "class"}, {"_type": "tag", "name": "autoComplete", "path": "/home/kavia/workspace/code-generation/simple-notes-app-304750-304841/notes_frontend/src/App.js", "pattern": "/^        autoComplete={autoComplete}$/", "language": "JavaScript", "kind": "field", "scope": "NoteListItem.Input.autoComplete", "scopeKind": "class"}, {"_type": "tag", "name": "banner", "path": "/home/kavia/workspace/code-generation/simple-notes-app-304750-304841/notes_frontend/src/App.js", "pattern": "/^        banner={banner}$/", "language": "JavaScript", "kind": "field", "scope": "App.banner", "scopeKind": "class"}, {"_type": "tag", "name": "cancelDelete", "path": "/home/kavia/workspace/code-generation/simple-notes-app-304750-304841/notes_frontend/src/App.js", "pattern": "/^        onCancel={cancelDelete}$/", "language": "JavaScript", "kind": "field", "scope": "App.onCancel", "scopeKind": "class"}, {"_type": "tag", "name": "className", "path": "/home/kavia/workspace/code-generation/simple-notes-app-304750-304841/notes_frontend/src/App.js", "pattern": "/^      className={className}$/", "language": "JavaScript", "kind": "field", "scope": "NoteListItem.Button.className", "scopeKind": "class"}, {"_type": "tag", "name": "confirmDeleteSelected", "path": "/home/kavia/workspace/code-generation/simple-notes-app-304750-304841/notes_frontend/src/App.js", "pattern": "/^        onConfirm={confirmDeleteSelected}$/", "language": "JavaScript", "kind": "field", "scope": "App.onConfirm", "scopeKind": "class"}, {"_type": "tag", "name": "confirmRef", "path": "/home/kavia/workspace/code-generation/simple-notes-app-304750-304841/notes_frontend/src/App.js", "pattern": "/^            ref={confirmRef}$/", "language": "JavaScript", "kind": "field", "scope": "NoteListItem.ConfirmModal.ref", "scopeKind": "class"}, {"_type": "tag", "name": "confirmText", "path": "/home/kavia/workspace/code-generation/simple-notes-app-304750-304841/notes_frontend/src/App.js", "pattern": "/^            ariaLabel={confirmText}$/", "language": "JavaScript", "kind": "field", "scope": "NoteListItem.ConfirmModal.ariaLabel", "scopeKind": "class"}, {"_type": "tag", "name": "content", "path": "/home/kavia/workspace/code-generation/simple-notes-app-304750-304841/notes_frontend/src/App.js", "pattern": "/^          value={content}$/", "language": "JavaScript", "kind": "field", "scope": "NoteListItem.NoteEditor.value", "scopeKind": "class"}, {"_type": "tag", "name": "content", "path": "/home/kavia/workspace/code-generation/simple-notes-app-304750-304841/notes_frontend/src/App.js", "pattern": "/^      content: \"\",$/", "language": "JavaScript", "kind": "property", "scope": "App.optimistic", "scopeKind": "class"}, {"_type": "tag", "name": "createNewNote", "path": "/home/kavia/workspace/code-generation/simple-notes-app-304750-304841/notes_frontend/src/App.js", "pattern": "/^                onClick={createNewNote}$/", "language": "JavaScript", "kind": "field", "scope": "App.onClick", "scopeKind": "class"}, {"_type": "tag", "name": "createNewNote", "path": "/home/kavia/workspace/code-generation/simple-notes-app-304750-304841/notes_frontend/src/App.js", "pattern": "/^        onNew={createNewNote}$/", "language": "JavaScript", "kind": "field", "scope": "App.onNew", "scopeKind": "class"}, {"_type": "tag", "name": "createdAt", "path": "/home/kavia/workspace/code-generation/simple-notes-app-304750-304841/notes_frontend/src/App.js", "pattern": "/^      createdAt: now,$/", "language": "JavaScript", "kind": "property", "scope": "App.optimistic", "scopeKind": "class"}, {"_type": "tag", "name": "disabled", "path": "/home/kavia/workspace/code-generation/simple-notes-app-304750-304841/notes_frontend/src/App.js", "pattern": "/^      disabled={disabled}$/", "language": "JavaScript", "kind": "field", "scope": "NoteListItem.Button.disabled", "scopeKind": "class"}, {"_type": "tag", "name": "env", "path": "/home/kavia/workspace/code-generation/simple-notes-app-304750-304841/notes_frontend/src/App.js", "pattern": "/^        env={env}$/", "language": "JavaScript", "kind": "field", "scope": "App.env", "scopeKind": "class"}, {"_type": "tag", "name": "formatDate", "path": "/home/kavia/workspace/code-generation/simple-notes-app-304750-304841/notes_frontend/src/App.js", "pattern": "/^function formatDate(ms) {$/", "language": "JavaScript", "kind": "function", "signature": "(ms)", "scope": "NoteListItem", "scopeKind": "function"}, {"_type": "tag", "name": "formatDateTime", "path": "/home/kavia/workspace/code-generation/simple-notes-app-304750-304841/notes_frontend/src/App.js", "pattern": "/^function formatDateTime(ms) {$/", "language": "JavaScript", "kind": "function", "signature": "(ms)", "scope": "NoteListItem", "scopeKind": "function"}, {"_type": "tag", "name": "id", "path": "/home/kavia/workspace/code-generation/simple-notes-app-304750-304841/notes_frontend/src/App.js", "pattern": "/^        id={id}$/", "language": "JavaScript", "kind": "field", "scope": "NoteListItem.Input.id", "scopeKind": "class"}, {"_type": "tag", "name": "id", "path": "/home/kavia/workspace/code-generation/simple-notes-app-304750-304841/notes_frontend/src/App.js", "pattern": "/^        id={id}$/", "language": "JavaScript", "kind": "field", "scope": "NoteListItem.TextArea.id", "scopeKind": "class"}, {"_type": "tag", "name": "id", "path": "/home/kavia/workspace/code-generation/simple-notes-app-304750-304841/notes_frontend/src/App.js", "pattern": "/^      id: tempId,$/", "language": "JavaScript", "kind": "property", "scope": "App.optimistic", "scopeKind": "class"}, {"_type": "tag", "name": "isConfirmOpen", "path": "/home/kavia/workspace/code-generation/simple-notes-app-304750-304841/notes_frontend/src/App.js", "pattern": "/^        isOpen={isConfirmOpen}$/", "language": "JavaScript", "kind": "field", "scope": "App.isOpen", "scopeKind": "class"}, {"_type": "tag", "name": "isLoading", "path": "/home/kavia/workspace/code-generation/simple-notes-app-304750-304841/notes_frontend/src/App.js", "pattern": "/^        isLoading={isLoading}$/", "language": "JavaScript", "kind": "field", "scope": "App.isLoading", "scopeKind": "class"}, {"_type": "tag", "name": "isSelected", "path": "/home/kavia/workspace/code-generation/simple-notes-app-304750-304841/notes_frontend/src/App.js", "pattern": "/^      aria-selected={isSelected}$/", "language": "JavaScript", "kind": "field", "scope": "NoteListItem.aria", "scopeKind": "class"}, {"_type": "tag", "name": "loadNotesWithSeed", "path": "/home/kavia/workspace/code-generation/simple-notes-app-304750-304841/notes_frontend/src/App.js", "pattern": "/^function loadNotesWithSeed() {$/", "language": "JavaScript", "kind": "function", "signature": "()", "scope": "NoteListItem", "scopeKind": "function"}, {"_type": "tag", "name": "makeId", "path": "/home/kavia/workspace/code-generation/simple-notes-app-304750-304841/notes_frontend/src/App.js", "pattern": "/^function makeId() {$/", "language": "JavaScript", "kind": "function", "signature": "()", "scope": "NoteListItem", "scopeKind": "function"}, {"_type": "tag", "name": "normalizeTitle", "path": "/home/kavia/workspace/code-generation/simple-notes-app-304750-304841/notes_frontend/src/App.js", "pattern": "/^function normalizeTitle(title) {$/", "language": "JavaScript", "kind": "function", "signature": "(title)", "scope": "NoteListItem", "scopeKind": "function"}, {"_type": "tag", "name": "note-content-${noteId}", "path": "/home/kavia/workspace/code-generation/simple-notes-app-304750-304841/notes_frontend/src/App.js", "pattern": "/^          id={`note-content-${noteId}`}$/", "language": "JavaScript", "kind": "field", "scope": "NoteListItem.NoteEditor.id", "scopeKind": "class"}, {"_type": "tag", "name": "onChange", "path": "/home/kavia/workspace/code-generation/simple-notes-app-304750-304841/notes_frontend/src/App.js", "pattern": "/^        onChange={onChange}$/", "language": "JavaScript", "kind": "field", "scope": "NoteListItem.Input.onChange", "scopeKind": "class"}, {"_type": "tag", "name": "onChange", "path": "/home/kavia/workspace/code-generation/simple-notes-app-304750-304841/notes_frontend/src/App.js", "pattern": "/^        onChange={onChange}$/", "language": "JavaScript", "kind": "field", "scope": "NoteListItem.TextArea.onChange", "scopeKind": "class"}, {"_type": "tag", "name": "onClick", "path": "/home/kavia/workspace/code-generation/simple-notes-app-304750-304841/notes_frontend/src/App.js", "pattern": "/^      onClick={onClick}$/", "language": "JavaScript", "kind": "field", "scope": "NoteListItem.Button.onClick", "scopeKind": "class"}, {"_type": "tag", "name": "onConfirm", "path": "/home/kavia/workspace/code-generation/simple-notes-app-304750-304841/notes_frontend/src/App.js", "pattern": "/^            onClick={onConfirm}$/", "language": "JavaScript", "kind": "field", "scope": "NoteListItem.ConfirmModal.onClick", "scopeKind": "class"}, {"_type": "tag", "name": "onDelete", "path": "/home/kavia/workspace/code-generation/simple-notes-app-304750-304841/notes_frontend/src/App.js", "pattern": "/^          onClick={onDelete}$/", "language": "JavaScript", "kind": "field", "scope": "Header.onClick", "scopeKind": "class"}, {"_type": "tag", "name": "onNoteListKeyDown", "path": "/home/kavia/workspace/code-generation/simple-notes-app-304750-304841/notes_frontend/src/App.js", "pattern": "/^            onKeyDown={onNoteListKeyDown}$/", "language": "JavaScript", "kind": "field", "scope": "App.onKeyDown", "scopeKind": "class"}, {"_type": "tag", "name": "onSelect", "path": "/home/kavia/workspace/code-generation/simple-notes-app-304750-304841/notes_frontend/src/App.js", "pattern": "/^      onClick={onSelect}$/", "language": "JavaScript", "kind": "field", "scope": "NoteListItem.onClick", "scopeKind": "class"}, {"_type": "tag", "name": "optimistic", "path": "/home/kavia/workspace/code-generation/simple-notes-app-304750-304841/notes_frontend/src/App.js", "pattern": "/^    const optimistic = {$/", "language": "JavaScript", "kind": "class", "scope": "App", "scopeKind": "class"}, {"_type": "tag", "name": "placeholder", "path": "/home/kavia/workspace/code-generation/simple-notes-app-304750-304841/notes_frontend/src/App.js", "pattern": "/^        placeholder={placeholder}$/", "language": "JavaScript", "kind": "field", "scope": "NoteListItem.Input.placeholder", "scopeKind": "class"}, {"_type": "tag", "name": "placeholder", "path": "/home/kavia/workspace/code-generation/simple-notes-app-304750-304841/notes_frontend/src/App.js", "pattern": "/^        placeholder={placeholder}$/", "language": "JavaScript", "kind": "field", "scope": "NoteListItem.TextArea.placeholder", "scopeKind": "class"}, {"_type": "tag", "name": "query", "path": "/home/kavia/workspace/code-generation/simple-notes-app-304750-304841/notes_frontend/src/App.js", "pattern": "/^                value={query}$/", "language": "JavaScript", "kind": "field", "scope": "App.value", "scopeKind": "class"}, {"_type": "tag", "name": "requestDeleteSelected", "path": "/home/kavia/workspace/code-generation/simple-notes-app-304750-304841/notes_frontend/src/App.js", "pattern": "/^        onDelete={requestDeleteSelected}$/", "language": "JavaScript", "kind": "field", "scope": "App.onDelete", "scopeKind": "class"}, {"_type": "tag", "name": "rows", "path": "/home/kavia/workspace/code-generation/simple-notes-app-304750-304841/notes_frontend/src/App.js", "pattern": "/^        rows={rows}$/", "language": "JavaScript", "kind": "field", "scope": "NoteListItem.TextArea.rows", "scopeKind": "class"}, {"_type": "tag", "name": "seedNotes", "path": "/home/kavia/workspace/code-generation/simple-notes-app-304750-304841/notes_frontend/src/App.js", "pattern": "/^function seedNotes() {$/", "language": "JavaScript", "kind": "function", "signature": "()", "scope": "NoteListItem", "scopeKind": "function"}, {"_type": "tag", "name": "title", "path": "/home/kavia/workspace/code-generation/simple-notes-app-304750-304841/notes_frontend/src/App.js", "pattern": "/^          value={title}$/", "language": "JavaScript", "kind": "field", "scope": "NoteListItem.NoteEditor.value", "scopeKind": "class"}, {"_type": "tag", "name": "title", "path": "/home/kavia/workspace/code-generation/simple-notes-app-304750-304841/notes_frontend/src/App.js", "pattern": "/^      title: \"Untitled note\",$/", "language": "JavaScript", "kind": "property", "scope": "App.optimistic", "scopeKind": "class"}, {"_type": "tag", "name": "title", "path": "/home/kavia/workspace/code-generation/simple-notes-app-304750-304841/notes_frontend/src/App.js", "pattern": "/^  const scheduleAutosave = ({ title, content }) => {$/", "language": "JavaScript", "kind": "field", "scope": "App.scheduleAutosave", "scopeKind": "class"}, {"_type": "tag", "name": "tone", "path": "/home/kavia/workspace/code-generation/simple-notes-app-304750-304841/notes_frontend/src/App.js", "pattern": "/^            variant={tone === \"danger\" ? \"danger\" : \"primary\"}$/", "language": "JavaScript", "kind": "property", "scope": "NoteListItem.ConfirmModal.variant", "scopeKind": "class"}, {"_type": "tag", "name": "type", "path": "/home/kavia/workspace/code-generation/simple-notes-app-304750-304841/notes_frontend/src/App.js", "pattern": "/^      type={type}$/", "language": "JavaScript", "kind": "field", "scope": "NoteListItem.Button.type", "scopeKind": "class"}, {"_type": "tag", "name": "updatedAt", "path": "/home/kavia/workspace/code-generation/simple-notes-app-304750-304841/notes_frontend/src/App.js", "pattern": "/^      updatedAt: now,$/", "language": "JavaScript", "kind": "property", "scope": "App.optimistic", "scopeKind": "class"}, {"_type": "tag", "name": "value", "path": "/home/kavia/workspace/code-generation/simple-notes-app-304750-304841/notes_frontend/src/App.js", "pattern": "/^        value={value}$/", "language": "JavaScript", "kind": "field", "scope": "NoteListItem.Input.value", "scopeKind": "class"}, {"_type": "tag", "name": "value", "path": "/home/kavia/workspace/code-generation/simple-notes-app-304750-304841/notes_frontend/src/App.js", "pattern": "/^        value={value}$/", "language": "JavaScript", "kind": "field", "scope": "NoteListItem.TextArea.value", "scopeKind": "class"}, {"_type": "tag", "name": "variant", "path": "/home/kavia/workspace/code-generation/simple-notes-app-304750-304841/notes_frontend/src/App.js", "pattern": "/^            variant={tone === \"danger\" ? \"danger\" : \"primary\"}$/", "language": "JavaScript", "kind": "class", "scope": "NoteListItem.ConfirmModal", "scopeKind": "class"}], "hash": "8e36559b77cddb2b7e6d82d4145444e8", "format-version": 4, "code-base-name": "notes_frontend", "filename": "notes_frontend/src/App.js", "fields": [{"name": "tabIndex={0}", "scope": "App.tabIndex", "scopeKind": "class", "description": "unavailable"}, {"name": "rows={14}", "scope": "NoteListItem.NoteEditor.rows", "scopeKind": "class", "description": "unavailable"}, {"name": "className={`NoteListItem ${isSelected ? \"isSelected\" : \"\"}`}", "scope": "NoteListItem.className", "scopeKind": "class", "description": "unavailable"}, {"name": "aria-label={ariaLabel}", "scope": "NoteListItem.Button.aria", "scopeKind": "class", "description": "unavailable"}, {"name": "autoComplete={autoComplete}", "scope": "NoteListItem.Input.autoComplete", "scopeKind": "class", "description": "unavailable"}, {"name": "banner={banner}", "scope": "App.banner", "scopeKind": "class", "description": "unavailable"}, {"name": "onCancel={cancelDelete}", "scope": "App.onCancel", "scopeKind": "class", "description": "unavailable"}, {"name": "className={className}", "scope": "NoteListItem.Button.className", "scopeKind": "class", "description": "unavailable"}, {"name": "onConfirm={confirmDeleteSelected}", "scope": "App.onConfirm", "scopeKind": "class", "description": "unavailable"}, {"name": "ref={confirmRef}", "scope": "NoteListItem.ConfirmModal.ref", "scopeKind": "class", "description": "unavailable"}, {"name": "ariaLabel={confirmText}", "scope": "NoteListItem.ConfirmModal.ariaLabel", "scopeKind": "class", "description": "unavailable"}, {"name": "value={content}", "scope": "NoteListItem.NoteEditor.value", "scopeKind": "class", "description": "unavailable"}, {"name": "content: \"\",", "scope": "App.optimistic", "scopeKind": "class", "description": "unavailable"}, {"name": "onClick={createNewNote}", "scope": "App.onClick", "scopeKind": "class", "description": "unavailable"}, {"name": "onNew={createNewNote}", "scope": "App.onNew", "scopeKind": "class", "description": "unavailable"}, {"name": "createdAt: now,", "scope": "App.optimistic", "scopeKind": "class", "description": "unavailable"}, {"name": "disabled={disabled}", "scope": "NoteListItem.Button.disabled", "scopeKind": "class", "description": "unavailable"}, {"name": "env={env}", "scope": "App.env", "scopeKind": "class", "description": "unavailable"}, {"name": "id={id}", "scope": "NoteListItem.Input.id", "scopeKind": "class", "description": "unavailable"}, {"name": "id: tempId,", "scope": "App.optimistic", "scopeKind": "class", "description": "unavailable"}, {"name": "isOpen={isConfirmOpen}", "scope": "App.isOpen", "scopeKind": "class", "description": "unavailable"}, {"name": "isLoading={isLoading}", "scope": "App.isLoading", "scopeKind": "class", "description": "unavailable"}, {"name": "aria-selected={isSelected}", "scope": "NoteListItem.aria", "scopeKind": "class", "description": "unavailable"}, {"name": "id={`note-content-${noteId}`}", "scope": "NoteListItem.NoteEditor.id", "scopeKind": "class", "description": "unavailable"}, {"name": "onChange={onChange}", "scope": "NoteListItem.Input.onChange", "scopeKind": "class", "description": "unavailable"}, {"name": "onClick={onClick}", "scope": "NoteListItem.Button.onClick", "scopeKind": "class", "description": "unavailable"}, {"name": "onClick={onConfirm}", "scope": "NoteListItem.ConfirmModal.onClick", "scopeKind": "class", "description": "unavailable"}, {"name": "onClick={onDelete}", "scope": "Header.onClick", "scopeKind": "class", "description": "unavailable"}, {"name": "onKeyDown={onNoteListKeyDown}", "scope": "App.onKeyDown", "scopeKind": "class", "description": "unavailable"}, {"name": "onClick={onSelect}", "scope": "NoteListItem.onClick", "scopeKind": "class", "description": "unavailable"}, {"name": "placeholder={placeholder}", "scope": "NoteListItem.Input.placeholder", "scopeKind": "class", "description": "unavailable"}, {"name": "value={query}", "scope": "App.value", "scopeKind": "class", "description": "unavailable"}, {"name": "onDelete={requestDeleteSelected}", "scope": "App.onDelete", "scopeKind": "class", "description": "unavailable"}, {"name": "rows={rows}", "scope": "NoteListItem.TextArea.rows", "scopeKind": "class", "description": "unavailable"}, {"name": "value={title}", "scope": "NoteListItem.NoteEditor.value", "scopeKind": "class", "description": "unavailable"}, {"name": "title: \"Untitled note\",", "scope": "App.optimistic", "scopeKind": "class", "description": "unavailable"}, {"name": "const scheduleAutosave = ({ title, content }) => {", "scope": "App.scheduleAutosave", "scopeKind": "class", "description": "unavailable"}, {"name": "variant={tone === \"danger\" ? \"danger\" : \"primary\"}", "scope": "NoteListItem.ConfirmModal.variant", "scopeKind": "class", "description": "unavailable"}, {"name": "type={type}", "scope": "NoteListItem.Button.type", "scopeKind": "class", "description": "unavailable"}, {"name": "updatedAt: now,", "scope": "App.optimistic", "scopeKind": "class", "description": "unavailable"}, {"name": "value={value}", "scope": "NoteListItem.Input.value", "scopeKind": "class", "description": "unavailable"}]}