{"is_source_file": false, "format": "", "description": "", "external_files": [], "external_methods": [], "published": [], "classes": [], "methods": [], "calls": [], "search-terms": [], "state": 2, "file_id": 9, "knowledge_revision": 27, "git_revision": "6a9414d714e68c0996da963485e1360171026db9", "hash": "3e88e57720ad3e116051d9bdf38024b7", "format-version": 4, "code-base-name": "notes_frontend", "filename": "notes_frontend/src/index.css", "revision_history": [{"27": "6a9414d714e68c0996da963485e1360171026db9"}]}