{"is_source_file": true, "format": "JavaScript", "description": "This file provides helper functions for managing local storage of notes within the notes app, including reading, writing, normalizing note objects, and generating UUIDs.", "external_files": [], "external_methods": ["window.localStorage.getItem", "window.localStorage.setItem", "JSON.parse", "JSON.stringify", "crypto.randomUUID"], "published": ["readNotes", "writeNotes", "normalizeNote", "makeUuid"], "classes": [], "methods": [{"name": "readNotes()", "description": "Reads the notes array from localStorage, returns an empty array on any error or if data is malformed.", "scope": "", "scopeKind": ""}, {"name": "writeNotes(notes)", "description": "Saves the provided notes array to localStorage, performing a best-effort without throwing on failure.", "scope": "", "scopeKind": ""}, {"name": "normalizeNote(input)", "description": "Normalizes a note object to the expected shape, ensuring `id` is a string and providing defaults for missing properties.", "scope": "", "scopeKind": ""}, {"name": "makeUuid()", "description": "Generates a UUID string using crypto.randomUUID if available, otherwise falls back to a pseudo-UUID generator.", "scope": "", "scopeKind": ""}], "calls": ["window.localStorage.getItem", "JSON.parse", "window.localStorage.setItem", "JSON.stringify", "crypto.randomUUID", "Date.now", "Math.floor"], "search-terms": ["localStorage", "notes storage", "uuid generation", "normalizeNote", "local notes"], "state": 2, "file_id": 13, "knowledge_revision": 31, "git_revision": "3c06888ece6961e2015f42ec1ca0840740eac17e", "ctags": [{"_type": "tag", "name": "NAMESPACE", "path": "/home/kavia/workspace/code-generation/simple-notes-app-304750-304841/notes_frontend/src/api/storage.js", "pattern": "/^const NAMESPACE = \"notesApp\";$/", "language": "JavaScript", "kind": "constant"}, {"_type": "tag", "name": "NOTES_KEY", "path": "/home/kavia/workspace/code-generation/simple-notes-app-304750-304841/notes_frontend/src/api/storage.js", "pattern": "/^const NOTES_KEY = `${NAMESPACE}:notes`;$/", "language": "JavaScript", "kind": "constant"}, {"_type": "tag", "name": "makeUuid", "path": "/home/kavia/workspace/code-generation/simple-notes-app-304750-304841/notes_frontend/src/api/storage.js", "pattern": "/^export function makeUuid() {$/", "language": "JavaScript", "kind": "function", "signature": "()"}, {"_type": "tag", "name": "normalizeNote", "path": "/home/kavia/workspace/code-generation/simple-notes-app-304750-304841/notes_frontend/src/api/storage.js", "pattern": "/^export function normalizeNote(input) {$/", "language": "JavaScript", "kind": "function", "signature": "(input)"}, {"_type": "tag", "name": "readNotes", "path": "/home/kavia/workspace/code-generation/simple-notes-app-304750-304841/notes_frontend/src/api/storage.js", "pattern": "/^export function readNotes() {$/", "language": "JavaScript", "kind": "function", "signature": "()"}, {"_type": "tag", "name": "writeNotes", "path": "/home/kavia/workspace/code-generation/simple-notes-app-304750-304841/notes_frontend/src/api/storage.js", "pattern": "/^export function writeNotes(notes) {$/", "language": "JavaScript", "kind": "function", "signature": "(notes)"}], "hash": "7e1807ae058dd59184aa3922e106ac02", "format-version": 4, "code-base-name": "notes_frontend", "filename": "notes_frontend/src/api/storage.js", "revision_history": [{"31": "3c06888ece6961e2015f42ec1ca0840740eac17e"}]}