{"is_source_file": false, "format": "", "description": "", "external_files": [], "external_methods": [], "published": [], "classes": [], "methods": [], "calls": [], "search-terms": [], "state": 2, "file_id": 7, "knowledge_revision": 26, "git_revision": "6a9414d714e68c0996da963485e1360171026db9", "hash": "372ae8bdd1b5b35455809836d2d42bc6", "format-version": 4, "code-base-name": "notes_frontend", "filename": "notes_frontend/src/App.css", "revision_history": [{"26": "6a9414d714e68c0996da963485e1360171026db9"}]}