{"is_source_file": false, "format": "", "description": "", "external_files": [], "external_methods": [], "published": [], "classes": [], "methods": [], "calls": [], "search-terms": [], "state": 2, "file_id": 7, "knowledge_revision": 22, "git_revision": "ead9f3a60cc9444038f06105af3e0c79406b251d", "hash": "22f9e17cc1848b56dbb244518ac2707e", "format-version": 4, "code-base-name": "notes_frontend", "filename": "notes_frontend/src/App.css", "revision_history": [{"22": "ead9f3a60cc9444038f06105af3e0c79406b251d"}]}