{"is_source_file": true, "format": "JavaScript (React)", "description": "This is the main source code for the frontend of a React-based notes application, defining the main App component, child components, and handling note data, user interactions, and persistence via localStorage.", "external_files": ["./App.css"], "external_methods": ["window.localStorage.setItem", "window.localStorage.getItem", "window.clearTimeout", "window.setTimeout", "document.getElementById", "requestAnimationFrame", "window.addEventListener", "window.removeEventListener"], "published": ["App"], "classes": [], "methods": ["createNewNote", "requestDeleteSelected", "confirmDeleteSelected", "cancelDelete", "updateDraftTitle", "updateDraftContent", "scheduleAutosave", "onSelectNote", "onNoteListKeyDown", "normalizeTitle", "makeId", "loadNotesWithSeed", "seedNotes", "formatDate", "formatDateTime"], "calls": ["loadNotesWithSeed", "normalizeTitle", "makeId", "formatDate", "formatDateTime", "setNotes", "setSelectedId", "setQuery", "setIsConfirmOpen", "setDraftTitle", "setDraftContent", "setIsDirty", "window.localStorage.setItem", "window.clearTimeout", "window.setTimeout", "document.getElementById", "requestAnimationFrame", "window.addEventListener", "window.removeEventListener"], "search-terms": ["React", "useMemo", "useState", "useEffect", "localStorage", "notes", "note data model", "note creation", "note deletion", "autosave", "search notes", "notes list", "note editor", "note identifier"], "state": 2, "file_id": 6, "knowledge_revision": 24, "git_revision": "ead9f3a60cc9444038f06105af3e0c79406b251d", "revision_history": [{"24": "ead9f3a60cc9444038f06105af3e0c79406b251d"}], "ctags": [{"_type": "tag", "name": "0", "path": "/home/kavia/workspace/code-generation/simple-notes-app-304750-304841/notes_frontend/src/App.js", "pattern": "/^            tabIndex={0}$/", "language": "JavaScript", "kind": "field", "scope": "App.tabIndex", "scopeKind": "class"}, {"_type": "tag", "name": "14", "path": "/home/kavia/workspace/code-generation/simple-notes-app-304750-304841/notes_frontend/src/App.js", "pattern": "/^          rows={14}$/", "language": "JavaScript", "kind": "field", "scope": "NoteListItem.NoteEditor.rows", "scopeKind": "class"}, {"_type": "tag", "name": "AUTOSAVE_DEBOUNCE_MS", "path": "/home/kavia/workspace/code-generation/simple-notes-app-304750-304841/notes_frontend/src/App.js", "pattern": "/^const AUTOSAVE_DEBOUNCE_MS = 450;$/", "language": "JavaScript", "kind": "constant"}, {"_type": "tag", "name": "App", "path": "/home/kavia/workspace/code-generation/simple-notes-app-304750-304841/notes_frontend/src/App.js", "pattern": "/^function App() {$/", "language": "JavaScript", "kind": "function", "signature": "()"}, {"_type": "tag", "name": "Button", "path": "/home/kavia/workspace/code-generation/simple-notes-app-304750-304841/notes_frontend/src/App.js", "pattern": "/^function Button({$/", "language": "JavaScript", "kind": "function", "signature": "({ children, variant = \"primary\", size = \"md\", disabled = false, onClick, ariaLabel, type = \"button\", })", "scope": "NoteListItem", "scopeKind": "function"}, {"_type": "tag", "name": "ConfirmModal", "path": "/home/kavia/workspace/code-generation/simple-notes-app-304750-304841/notes_frontend/src/App.js", "pattern": "/^function ConfirmModal({$/", "language": "JavaScript", "kind": "function", "signature": "({ isOpen, title, description, confirmText, cancelText, tone = \"danger\", onConfirm, onCancel, })", "scope": "NoteListItem", "scopeKind": "function"}, {"_type": "tag", "name": "EmptyState", "path": "/home/kavia/workspace/code-generation/simple-notes-app-304750-304841/notes_frontend/src/App.js", "pattern": "/^function EmptyState({ title, description, actionLabel, onAction }) {$/", "language": "JavaScript", "kind": "function", "signature": "({ title, description, actionLabel, onAction })", "scope": "NoteListItem", "scopeKind": "function"}, {"_type": "tag", "name": "Header", "path": "/home/kavia/workspace/code-generation/simple-notes-app-304750-304841/notes_frontend/src/App.js", "pattern": "/^function Header({ onNew, onDelete, canDelete, env }) {$/", "language": "JavaScript", "kind": "function", "signature": "({ onNew, onDelete, canDelete, env })"}, {"_type": "tag", "name": "Input", "path": "/home/kavia/workspace/code-generation/simple-notes-app-304750-304841/notes_frontend/src/App.js", "pattern": "/^function Input({$/", "language": "JavaScript", "kind": "function", "signature": "({ id, label, hideLabel = false, value, onChange, placeholder, autoComplete, })", "scope": "NoteListItem", "scopeKind": "function"}, {"_type": "tag", "name": "NoteEditor", "path": "/home/kavia/workspace/code-generation/simple-notes-app-304750-304841/notes_frontend/src/App.js", "pattern": "/^function NoteEditor({$/", "language": "JavaScript", "kind": "function", "signature": "({ noteId, createdAt, updatedAt, title, content, isDirty, onTitleChange, onContentChange, onDelete, })", "scope": "NoteListItem", "scopeKind": "function"}, {"_type": "tag", "name": "NoteListItem ${isSelected ? \"isSelected\" : \"\"}", "path": "/home/kavia/workspace/code-generation/simple-notes-app-304750-304841/notes_frontend/src/App.js", "pattern": "/^      className={`NoteListItem ${isSelected ? \"isSelected\" : \"\"}`}$/", "language": "JavaScript", "kind": "field", "scope": "NoteListItem.className", "scopeKind": "class"}, {"_type": "tag", "name": "NoteListItem", "path": "/home/kavia/workspace/code-generation/simple-notes-app-304750-304841/notes_frontend/src/App.js", "pattern": "/^function NoteListItem({ note, isSelected, onSelect }) {$/", "language": "JavaScript", "kind": "function", "signature": "({ note, isSelected, onSelect })"}, {"_type": "tag", "name": "STORAGE_KEY", "path": "/home/kavia/workspace/code-generation/simple-notes-app-304750-304841/notes_frontend/src/App.js", "pattern": "/^const STORAGE_KEY = \"ocean_notes_v1\";$/", "language": "JavaScript", "kind": "constant"}, {"_type": "tag", "name": "TextArea", "path": "/home/kavia/workspace/code-generation/simple-notes-app-304750-304841/notes_frontend/src/App.js", "pattern": "/^function TextArea({ id, label, value, onChange, placeholder, rows = 10 }) {$/", "language": "JavaScript", "kind": "function", "signature": "({ id, label, value, onChange, placeholder, rows = 10 })", "scope": "NoteListItem", "scopeKind": "function"}, {"_type": "tag", "name": "ariaLabel", "path": "/home/kavia/workspace/code-generation/simple-notes-app-304750-304841/notes_frontend/src/App.js", "pattern": "/^      aria-label={ariaLabel}$/", "language": "JavaScript", "kind": "field", "scope": "NoteListItem.Button.aria", "scopeKind": "class"}, {"_type": "tag", "name": "autoComplete", "path": "/home/kavia/workspace/code-generation/simple-notes-app-304750-304841/notes_frontend/src/App.js", "pattern": "/^        autoComplete={autoComplete}$/", "language": "JavaScript", "kind": "field", "scope": "NoteListItem.Input.autoComplete", "scopeKind": "class"}, {"_type": "tag", "name": "cancelDelete", "path": "/home/kavia/workspace/code-generation/simple-notes-app-304750-304841/notes_frontend/src/App.js", "pattern": "/^        onCancel={cancelDelete}$/", "language": "JavaScript", "kind": "field", "scope": "App.onCancel", "scopeKind": "class"}, {"_type": "tag", "name": "className", "path": "/home/kavia/workspace/code-generation/simple-notes-app-304750-304841/notes_frontend/src/App.js", "pattern": "/^      className={className}$/", "language": "JavaScript", "kind": "field", "scope": "NoteListItem.Button.className", "scopeKind": "class"}, {"_type": "tag", "name": "confirmDeleteSelected", "path": "/home/kavia/workspace/code-generation/simple-notes-app-304750-304841/notes_frontend/src/App.js", "pattern": "/^        onConfirm={confirmDeleteSelected}$/", "language": "JavaScript", "kind": "field", "scope": "App.onConfirm", "scopeKind": "class"}, {"_type": "tag", "name": "confirmRef", "path": "/home/kavia/workspace/code-generation/simple-notes-app-304750-304841/notes_frontend/src/App.js", "pattern": "/^            ref={confirmRef}$/", "language": "JavaScript", "kind": "field", "scope": "NoteListItem.ConfirmModal.ref", "scopeKind": "class"}, {"_type": "tag", "name": "confirmText", "path": "/home/kavia/workspace/code-generation/simple-notes-app-304750-304841/notes_frontend/src/App.js", "pattern": "/^            ariaLabel={confirmText}$/", "language": "JavaScript", "kind": "field", "scope": "NoteListItem.ConfirmModal.ariaLabel", "scopeKind": "class"}, {"_type": "tag", "name": "content", "path": "/home/kavia/workspace/code-generation/simple-notes-app-304750-304841/notes_frontend/src/App.js", "pattern": "/^          value={content}$/", "language": "JavaScript", "kind": "field", "scope": "NoteListItem.NoteEditor.value", "scopeKind": "class"}, {"_type": "tag", "name": "content", "path": "/home/kavia/workspace/code-generation/simple-notes-app-304750-304841/notes_frontend/src/App.js", "pattern": "/^      content: \"\",$/", "language": "JavaScript", "kind": "property", "scope": "App.newNote", "scopeKind": "class"}, {"_type": "tag", "name": "createNewNote", "path": "/home/kavia/workspace/code-generation/simple-notes-app-304750-304841/notes_frontend/src/App.js", "pattern": "/^                onClick={createNewNote}$/", "language": "JavaScript", "kind": "field", "scope": "App.onClick", "scopeKind": "class"}, {"_type": "tag", "name": "createNewNote", "path": "/home/kavia/workspace/code-generation/simple-notes-app-304750-304841/notes_frontend/src/App.js", "pattern": "/^        onNew={createNewNote}$/", "language": "JavaScript", "kind": "field", "scope": "App.onNew", "scopeKind": "class"}, {"_type": "tag", "name": "createdAt", "path": "/home/kavia/workspace/code-generation/simple-notes-app-304750-304841/notes_frontend/src/App.js", "pattern": "/^      createdAt: now,$/", "language": "JavaScript", "kind": "property", "scope": "App.newNote", "scopeKind": "class"}, {"_type": "tag", "name": "disabled", "path": "/home/kavia/workspace/code-generation/simple-notes-app-304750-304841/notes_frontend/src/App.js", "pattern": "/^      disabled={disabled}$/", "language": "JavaScript", "kind": "field", "scope": "NoteListItem.Button.disabled", "scopeKind": "class"}, {"_type": "tag", "name": "env", "path": "/home/kavia/workspace/code-generation/simple-notes-app-304750-304841/notes_frontend/src/App.js", "pattern": "/^        env={env}$/", "language": "JavaScript", "kind": "field", "scope": "App.env", "scopeKind": "class"}, {"_type": "tag", "name": "formatDate", "path": "/home/kavia/workspace/code-generation/simple-notes-app-304750-304841/notes_frontend/src/App.js", "pattern": "/^function formatDate(ms) {$/", "language": "JavaScript", "kind": "function", "signature": "(ms)", "scope": "NoteListItem", "scopeKind": "function"}, {"_type": "tag", "name": "formatDateTime", "path": "/home/kavia/workspace/code-generation/simple-notes-app-304750-304841/notes_frontend/src/App.js", "pattern": "/^function formatDateTime(ms) {$/", "language": "JavaScript", "kind": "function", "signature": "(ms)", "scope": "NoteListItem", "scopeKind": "function"}, {"_type": "tag", "name": "id", "path": "/home/kavia/workspace/code-generation/simple-notes-app-304750-304841/notes_frontend/src/App.js", "pattern": "/^        id={id}$/", "language": "JavaScript", "kind": "field", "scope": "NoteListItem.Input.id", "scopeKind": "class"}, {"_type": "tag", "name": "id", "path": "/home/kavia/workspace/code-generation/simple-notes-app-304750-304841/notes_frontend/src/App.js", "pattern": "/^        id={id}$/", "language": "JavaScript", "kind": "field", "scope": "NoteListItem.TextArea.id", "scopeKind": "class"}, {"_type": "tag", "name": "id", "path": "/home/kavia/workspace/code-generation/simple-notes-app-304750-304841/notes_frontend/src/App.js", "pattern": "/^      id: makeId(),$/", "language": "JavaScript", "kind": "property", "scope": "App.newNote", "scopeKind": "class"}, {"_type": "tag", "name": "isConfirmOpen", "path": "/home/kavia/workspace/code-generation/simple-notes-app-304750-304841/notes_frontend/src/App.js", "pattern": "/^        isOpen={isConfirmOpen}$/", "language": "JavaScript", "kind": "field", "scope": "App.isOpen", "scopeKind": "class"}, {"_type": "tag", "name": "isSelected", "path": "/home/kavia/workspace/code-generation/simple-notes-app-304750-304841/notes_frontend/src/App.js", "pattern": "/^      aria-selected={isSelected}$/", "language": "JavaScript", "kind": "field", "scope": "NoteListItem.aria", "scopeKind": "class"}, {"_type": "tag", "name": "loadNotesWithSeed", "path": "/home/kavia/workspace/code-generation/simple-notes-app-304750-304841/notes_frontend/src/App.js", "pattern": "/^function loadNotesWithSeed() {$/", "language": "JavaScript", "kind": "function", "signature": "()", "scope": "NoteListItem", "scopeKind": "function"}, {"_type": "tag", "name": "makeId", "path": "/home/kavia/workspace/code-generation/simple-notes-app-304750-304841/notes_frontend/src/App.js", "pattern": "/^function makeId() {$/", "language": "JavaScript", "kind": "function", "signature": "()", "scope": "NoteListItem", "scopeKind": "function"}, {"_type": "tag", "name": "newNote", "path": "/home/kavia/workspace/code-generation/simple-notes-app-304750-304841/notes_frontend/src/App.js", "pattern": "/^    const newNote = {$/", "language": "JavaScript", "kind": "class", "scope": "App", "scopeKind": "class"}, {"_type": "tag", "name": "normalizeTitle", "path": "/home/kavia/workspace/code-generation/simple-notes-app-304750-304841/notes_frontend/src/App.js", "pattern": "/^function normalizeTitle(title) {$/", "language": "JavaScript", "kind": "function", "signature": "(title)", "scope": "NoteListItem", "scopeKind": "function"}, {"_type": "tag", "name": "note-content-${noteId}", "path": "/home/kavia/workspace/code-generation/simple-notes-app-304750-304841/notes_frontend/src/App.js", "pattern": "/^          id={`note-content-${noteId}`}$/", "language": "JavaScript", "kind": "field", "scope": "NoteListItem.NoteEditor.id", "scopeKind": "class"}, {"_type": "tag", "name": "onChange", "path": "/home/kavia/workspace/code-generation/simple-notes-app-304750-304841/notes_frontend/src/App.js", "pattern": "/^        onChange={onChange}$/", "language": "JavaScript", "kind": "field", "scope": "NoteListItem.Input.onChange", "scopeKind": "class"}, {"_type": "tag", "name": "onChange", "path": "/home/kavia/workspace/code-generation/simple-notes-app-304750-304841/notes_frontend/src/App.js", "pattern": "/^        onChange={onChange}$/", "language": "JavaScript", "kind": "field", "scope": "NoteListItem.TextArea.onChange", "scopeKind": "class"}, {"_type": "tag", "name": "onClick", "path": "/home/kavia/workspace/code-generation/simple-notes-app-304750-304841/notes_frontend/src/App.js", "pattern": "/^      onClick={onClick}$/", "language": "JavaScript", "kind": "field", "scope": "NoteListItem.Button.onClick", "scopeKind": "class"}, {"_type": "tag", "name": "onConfirm", "path": "/home/kavia/workspace/code-generation/simple-notes-app-304750-304841/notes_frontend/src/App.js", "pattern": "/^            onClick={onConfirm}$/", "language": "JavaScript", "kind": "field", "scope": "NoteListItem.ConfirmModal.onClick", "scopeKind": "class"}, {"_type": "tag", "name": "onDelete", "path": "/home/kavia/workspace/code-generation/simple-notes-app-304750-304841/notes_frontend/src/App.js", "pattern": "/^          onClick={onDelete}$/", "language": "JavaScript", "kind": "field", "scope": "Header.onClick", "scopeKind": "class"}, {"_type": "tag", "name": "onNoteListKeyDown", "path": "/home/kavia/workspace/code-generation/simple-notes-app-304750-304841/notes_frontend/src/App.js", "pattern": "/^            onKeyDown={onNoteListKeyDown}$/", "language": "JavaScript", "kind": "field", "scope": "App.onKeyDown", "scopeKind": "class"}, {"_type": "tag", "name": "onSelect", "path": "/home/kavia/workspace/code-generation/simple-notes-app-304750-304841/notes_frontend/src/App.js", "pattern": "/^      onClick={onSelect}$/", "language": "JavaScript", "kind": "field", "scope": "NoteListItem.onClick", "scopeKind": "class"}, {"_type": "tag", "name": "placeholder", "path": "/home/kavia/workspace/code-generation/simple-notes-app-304750-304841/notes_frontend/src/App.js", "pattern": "/^        placeholder={placeholder}$/", "language": "JavaScript", "kind": "field", "scope": "NoteListItem.Input.placeholder", "scopeKind": "class"}, {"_type": "tag", "name": "placeholder", "path": "/home/kavia/workspace/code-generation/simple-notes-app-304750-304841/notes_frontend/src/App.js", "pattern": "/^        placeholder={placeholder}$/", "language": "JavaScript", "kind": "field", "scope": "NoteListItem.TextArea.placeholder", "scopeKind": "class"}, {"_type": "tag", "name": "query", "path": "/home/kavia/workspace/code-generation/simple-notes-app-304750-304841/notes_frontend/src/App.js", "pattern": "/^                value={query}$/", "language": "JavaScript", "kind": "field", "scope": "App.value", "scopeKind": "class"}, {"_type": "tag", "name": "requestDeleteSelected", "path": "/home/kavia/workspace/code-generation/simple-notes-app-304750-304841/notes_frontend/src/App.js", "pattern": "/^        onDelete={requestDeleteSelected}$/", "language": "JavaScript", "kind": "field", "scope": "App.onDelete", "scopeKind": "class"}, {"_type": "tag", "name": "rows", "path": "/home/kavia/workspace/code-generation/simple-notes-app-304750-304841/notes_frontend/src/App.js", "pattern": "/^        rows={rows}$/", "language": "JavaScript", "kind": "field", "scope": "NoteListItem.TextArea.rows", "scopeKind": "class"}, {"_type": "tag", "name": "seedNotes", "path": "/home/kavia/workspace/code-generation/simple-notes-app-304750-304841/notes_frontend/src/App.js", "pattern": "/^function seedNotes() {$/", "language": "JavaScript", "kind": "function", "signature": "()", "scope": "NoteListItem", "scopeKind": "function"}, {"_type": "tag", "name": "title", "path": "/home/kavia/workspace/code-generation/simple-notes-app-304750-304841/notes_frontend/src/App.js", "pattern": "/^          value={title}$/", "language": "JavaScript", "kind": "field", "scope": "NoteListItem.NoteEditor.value", "scopeKind": "class"}, {"_type": "tag", "name": "title", "path": "/home/kavia/workspace/code-generation/simple-notes-app-304750-304841/notes_frontend/src/App.js", "pattern": "/^      title: \"Untitled note\",$/", "language": "JavaScript", "kind": "property", "scope": "App.newNote", "scopeKind": "class"}, {"_type": "tag", "name": "title", "path": "/home/kavia/workspace/code-generation/simple-notes-app-304750-304841/notes_frontend/src/App.js", "pattern": "/^  const scheduleAutosave = ({ title, content }) => {$/", "language": "JavaScript", "kind": "field", "scope": "App.scheduleAutosave", "scopeKind": "class"}, {"_type": "tag", "name": "tone", "path": "/home/kavia/workspace/code-generation/simple-notes-app-304750-304841/notes_frontend/src/App.js", "pattern": "/^            variant={tone === \"danger\" ? \"danger\" : \"primary\"}$/", "language": "JavaScript", "kind": "property", "scope": "NoteListItem.ConfirmModal.variant", "scopeKind": "class"}, {"_type": "tag", "name": "type", "path": "/home/kavia/workspace/code-generation/simple-notes-app-304750-304841/notes_frontend/src/App.js", "pattern": "/^      type={type}$/", "language": "JavaScript", "kind": "field", "scope": "NoteListItem.Button.type", "scopeKind": "class"}, {"_type": "tag", "name": "updatedAt", "path": "/home/kavia/workspace/code-generation/simple-notes-app-304750-304841/notes_frontend/src/App.js", "pattern": "/^      updatedAt: now,$/", "language": "JavaScript", "kind": "property", "scope": "App.newNote", "scopeKind": "class"}, {"_type": "tag", "name": "value", "path": "/home/kavia/workspace/code-generation/simple-notes-app-304750-304841/notes_frontend/src/App.js", "pattern": "/^        value={value}$/", "language": "JavaScript", "kind": "field", "scope": "NoteListItem.Input.value", "scopeKind": "class"}, {"_type": "tag", "name": "value", "path": "/home/kavia/workspace/code-generation/simple-notes-app-304750-304841/notes_frontend/src/App.js", "pattern": "/^        value={value}$/", "language": "JavaScript", "kind": "field", "scope": "NoteListItem.TextArea.value", "scopeKind": "class"}, {"_type": "tag", "name": "variant", "path": "/home/kavia/workspace/code-generation/simple-notes-app-304750-304841/notes_frontend/src/App.js", "pattern": "/^            variant={tone === \"danger\" ? \"danger\" : \"primary\"}$/", "language": "JavaScript", "kind": "class", "scope": "NoteListItem.ConfirmModal", "scopeKind": "class"}], "hash": "12a3bee348aec8864a4bafedca95fc97", "format-version": 4, "code-base-name": "notes_frontend", "filename": "notes_frontend/src/App.js", "fields": [{"name": "tabIndex={0}", "scope": "App.tabIndex", "scopeKind": "class", "description": "unavailable"}, {"name": "rows={14}", "scope": "NoteListItem.NoteEditor.rows", "scopeKind": "class", "description": "unavailable"}]}