{"is_source_file": false, "format": "", "description": "", "external_files": [], "external_methods": [], "published": [], "classes": [], "methods": [], "calls": [], "search-terms": [], "state": 2, "file_id": 5, "knowledge_revision": 18, "git_revision": "ead9f3a60cc9444038f06105af3e0c79406b251d", "hash": "ebece526bc2eadd78ddd787a76c56607", "format-version": 4, "code-base-name": "notes_frontend", "filename": "notes_frontend/README.md", "revision_history": [{"18": "ead9f3a60cc9444038f06105af3e0c79406b251d"}]}