{"is_source_file": false, "format": "", "description": "", "external_files": [], "external_methods": [], "published": [], "classes": [], "methods": [], "calls": [], "search-terms": [], "state": 2, "file_id": 7, "knowledge_revision": 35, "git_revision": "e6fffe6ed8d14329a8b162bf8e110dcc8bee97f8", "hash": "ce21ab46b2c8b66fc743678930f52e6b", "format-version": 4, "code-base-name": "notes_frontend", "filename": "notes_frontend/src/App.css", "revision_history": [{"35": "e6fffe6ed8d14329a8b162bf8e110dcc8bee97f8"}]}