{"is_source_file": true, "file_id": 13, "git_revision": "", "state": 1, "description": "", "external_files": [], "external_methods": [], "published": [], "classes": [], "methods": [], "calls": [], "search-terms": [], "ctags": [{"_type": "tag", "name": "NAMESPACE", "path": "/home/kavia/workspace/code-generation/simple-notes-app-304750-304841/notes_frontend/src/api/storage.js", "pattern": "/^const NAMESPACE = \"notesApp\";$/", "language": "JavaScript", "kind": "constant"}, {"_type": "tag", "name": "NOTES_KEY", "path": "/home/kavia/workspace/code-generation/simple-notes-app-304750-304841/notes_frontend/src/api/storage.js", "pattern": "/^const NOTES_KEY = `${NAMESPACE}:notes`;$/", "language": "JavaScript", "kind": "constant"}, {"_type": "tag", "name": "makeUuid", "path": "/home/kavia/workspace/code-generation/simple-notes-app-304750-304841/notes_frontend/src/api/storage.js", "pattern": "/^export function makeUuid() {$/", "language": "JavaScript", "kind": "function", "signature": "()"}, {"_type": "tag", "name": "normalizeNote", "path": "/home/kavia/workspace/code-generation/simple-notes-app-304750-304841/notes_frontend/src/api/storage.js", "pattern": "/^export function normalizeNote(input) {$/", "language": "JavaScript", "kind": "function", "signature": "(input)"}, {"_type": "tag", "name": "readNotes", "path": "/home/kavia/workspace/code-generation/simple-notes-app-304750-304841/notes_frontend/src/api/storage.js", "pattern": "/^export function readNotes() {$/", "language": "JavaScript", "kind": "function", "signature": "()"}, {"_type": "tag", "name": "writeNotes", "path": "/home/kavia/workspace/code-generation/simple-notes-app-304750-304841/notes_frontend/src/api/storage.js", "pattern": "/^export function writeNotes(notes) {$/", "language": "JavaScript", "kind": "function", "signature": "(notes)"}], "format": "JavaScript", "hash": "7e1807ae058dd59184aa3922e106ac02", "format-version": 4, "code-base-name": "notes_frontend", "filename": "notes_frontend/src/api/storage.js", "knowledge_revision": 29}