{"is_source_file": true, "format": "JavaScript", "description": "This is the main entry point for a React-based front-end application. It initializes the React application by mounting the App component into the DOM.", "external_files": ["./App", "./index.css"], "external_methods": ["ReactDOM.createRoot", "root.render"], "published": [], "classes": [], "methods": [{"name": "ReactDOM.createRoot", "description": "Creates a root to manage rendering of React components in the specified DOM element."}, {"name": "root.render", "description": "Renders the React element tree into the root container."}], "calls": ["ReactDOM.createRoot", "root.render"], "search-terms": ["ReactDOM", "createRoot", "index.js", "main entry point", "React application initialization"], "state": 2, "file_id": 8, "knowledge_revision": 23, "git_revision": "ead9f3a60cc9444038f06105af3e0c79406b251d", "ctags": [{"_type": "tag", "name": "root", "path": "/home/kavia/workspace/code-generation/simple-notes-app-304750-304841/notes_frontend/src/index.js", "pattern": "/^const root = ReactDOM.createRoot(document.getElementById('root'));$/", "language": "JavaScript", "kind": "constant"}], "hash": "9fc5841375336fc175b49f8767a11383", "format-version": 4, "code-base-name": "notes_frontend", "filename": "notes_frontend/src/index.js", "revision_history": [{"23": "ead9f3a60cc9444038f06105af3e0c79406b251d"}]}